"analysis_id","tfl_id","analysis_group_id","analysis_group_label","estimand","treatment","contrast","visit","estimate","standard_error","degrees_of_freedom","lower_confidence_limit","upper_confidence_limit","statistic","p_value","covariance_used"
"MMRM-01","T14-2-10-1-2","PEDSQL_SUBJECT_TOTAL","受试者报告总分","visit_lsmean","","","2005",-0.472059766157013,2.15825751167677,21.2612557645193,-4.95704613043593,4.01292659812191,-0.218722633236784,0.828952031313361,"UN"
"MMRM-01","T14-2-10-1-2","PEDSQL_SUBJECT_TOTAL","受试者报告总分","visit_lsmean","","","2009",0.591946063449385,2.4456815653347,22.0009087154109,-4.48007492134229,5.66396704824106,0.242037259404364,0.810993151614696,"UN"
"MMRM-01","T14-2-10-1-2","PEDSQL_SUBJECT_TOTAL","受试者报告总分","visit_lsmean","","","2013",2.7605616851887,2.44198020837509,19.1961158294718,-2.34702970446962,7.86815307484703,1.13046030255323,0.272209544005255,"UN"
"MMRM-01","T14-2-10-1-2","PEDSQL_SUBJECT_TOTAL","受试者报告总分","visit_lsmean","","","2017",6.60848823832085,2.11443628246444,19.3926084955227,2.18897859320012,11.0279978834416,3.12541375359794,0.00547171690950409,"UN"
"MMRM-01","T14-2-10-1-2","PEDSQL_SUBJECT_TOTAL","受试者报告总分","visit_lsmean","","","2021",7.44593455184529,1.8656355681638,20.2200141887549,3.55699979408032,11.3348693096103,3.99109808952332,0.000705592136601636,"UN"
"MMRM-01","T14-2-10-1-2","PEDSQL_SUBJECT_TOTAL","受试者报告总分","visit_lsmean","","","2025",8.74579610222465,1.70742576160329,16.7276863143086,5.13897020836536,12.3526219960839,5.12221163514148,8.92411495659284e-05,"UN"
"MMRM-01","T14-2-10-1-2","PEDSQL_PARENT_TOTAL","家长报告总分","visit_lsmean","","","2005",-4.066609011401,2.13403703739921,40.3461221097706,-8.37850645541585,0.245288432613843,-1.90559439228714,0.0638458783249879,"UN"
"MMRM-01","T14-2-10-1-2","PEDSQL_PARENT_TOTAL","家长报告总分","visit_lsmean","","","2009",-0.308477284358124,1.77864792656115,37.84892348662,-3.90963380906129,3.29267924034504,-0.173433583876566,0.863234869688511,"UN"
"MMRM-01","T14-2-10-1-2","PEDSQL_PARENT_TOTAL","家长报告总分","visit_lsmean","","","2013",0.0486041348836608,1.97869987454447,37.1882426534949,-3.95993772178556,4.05714599155288,0.0245636720904176,0.980534332992917,"UN"
"MMRM-01","T14-2-10-1-2","PEDSQL_PARENT_TOTAL","家长报告总分","visit_lsmean","","","2017",-1.2208048621102,2.16062455038637,35.3644424756722,-5.60549061121816,3.16388088699777,-0.565024063015432,0.575624503798785,"UN"
"MMRM-01","T14-2-10-1-2","PEDSQL_PARENT_TOTAL","家长报告总分","visit_lsmean","","","2021",0.191739124703652,2.0098800233535,36.4873363184025,-3.88259693039406,4.26607517980137,0.0953982936671684,0.924520491010244,"UN"
"MMRM-01","T14-2-10-1-2","PEDSQL_PARENT_TOTAL","家长报告总分","visit_lsmean","","","2025",0.761422928479199,1.923574424736,37.6628697443278,-3.13379492017175,4.65664077713015,0.395837519301443,0.694458428539425,"UN"
"MMRM-01","T14-2-10-1-2","PEDSQL_SUBJECT_PHYSICAL","受试者报告生理功能","visit_lsmean","","","2005",1.80729288947119,2.60982084046018,21.7802309009877,-3.60831244706498,7.22289822600736,0.692496918352647,0.495943061178131,"UN"
"MMRM-01","T14-2-10-1-2","PEDSQL_SUBJECT_PHYSICAL","受试者报告生理功能","visit_lsmean","","","2009",5.02485852627738,2.79242558311153,21.9970519742367,-0.766322684064187,10.8160397366189,1.79946013840709,0.0856798739773368,"UN"
"MMRM-01","T14-2-10-1-2","PEDSQL_SUBJECT_PHYSICAL","受试者报告生理功能","visit_lsmean","","","2013",8.28562281127714,2.43386550653267,20.1528503709594,3.21113574127931,13.360109881275,3.40430594420191,0.00279033509935499,"UN"
"MMRM-01","T14-2-10-1-2","PEDSQL_SUBJECT_PHYSICAL","受试者报告生理功能","visit_lsmean","","","2017",9.17156499717751,2.19837119670326,15.033070120499,4.48674532422291,13.8563846701321,4.17198197052957,0.000814326354687977,"UN"
"MMRM-01","T14-2-10-1-2","PEDSQL_SUBJECT_PHYSICAL","受试者报告生理功能","visit_lsmean","","","2021",9.70437189798291,2.71918180037082,18.391427252289,4.00028569689326,15.4084580990726,3.56885732931116,0.0021344955133917,"UN"
"MMRM-01","T14-2-10-1-2","PEDSQL_SUBJECT_PHYSICAL","受试者报告生理功能","visit_lsmean","","","2025",11.7616431395083,2.00859325212521,18.37963891047,7.54798449211955,15.9753017868971,5.85566197987761,1.39490298678199e-05,"UN"
"MMRM-01","T14-2-10-1-2","PEDSQL_PARENT_PHYSICAL","家长报告生理功能","visit_lsmean","","","2005",-3.56635917356052,2.72419069176335,40.3469658807087,-9.07067943152984,1.93796108440879,-1.30914446787572,0.197892528679396,"UN"
"MMRM-01","T14-2-10-1-2","PEDSQL_PARENT_PHYSICAL","家长报告生理功能","visit_lsmean","","","2009",2.71895769369588,1.96903975636668,38.0524713076428,-1.26697440160911,6.70488978900087,1.38085464496307,0.175380461328282,"UN"
"MMRM-01","T14-2-10-1-2","PEDSQL_PARENT_PHYSICAL","家长报告生理功能","visit_lsmean","","","2013",4.68011298313817,1.95240111005179,38.1095322428078,0.728056589347245,8.63216937692909,2.39710629083489,0.0215329052487447,"UN"
"MMRM-01","T14-2-10-1-2","PEDSQL_PARENT_PHYSICAL","家长报告生理功能","visit_lsmean","","","2017",1.33365757989558,2.74205551610874,34.5051149556684,-4.23586648835303,6.90318164814418,0.48637147280963,0.629778756228914,"UN"
"MMRM-01","T14-2-10-1-2","PEDSQL_PARENT_PHYSICAL","家长报告生理功能","visit_lsmean","","","2021",-0.739912515080446,3.22253307509213,28.3360879426328,-7.33744682002736,5.85762178986647,-0.229605871480246,0.820047388659687,"UN"
"MMRM-01","T14-2-10-1-2","PEDSQL_PARENT_PHYSICAL","家长报告生理功能","visit_lsmean","","","2025",-0.01993058022923,2.65042128854662,32.7053527009854,-5.41409936250104,5.37423820204258,-0.00751977820105689,0.994045824377287,"UN"
"MMRM-01","T14-2-10-1-2","PEDSQL_SUBJECT_EMOTIONAL","受试者报告情感功能","visit_lsmean","","","2005",2.20067315373792,3.49921727634682,20.7111162173022,-5.08253291810656,9.48387922558241,0.628904403454314,0.536287080158442,"UN"
"MMRM-01","T14-2-10-1-2","PEDSQL_SUBJECT_EMOTIONAL","受试者报告情感功能","visit_lsmean","","","2009",0.123528136964552,3.50531153196138,22.0000086260968,-7.14604287852147,7.39309915245057,0.0352402734644908,0.972205945949223,"UN"
"MMRM-01","T14-2-10-1-2","PEDSQL_SUBJECT_EMOTIONAL","受试者报告情感功能","visit_lsmean","","","2013",2.252192629259,3.30461488591919,18.8125020730102,-4.66911454698275,9.17349980550075,0.681529529766233,0.503840871486047,"UN"
"MMRM-01","T14-2-10-1-2","PEDSQL_SUBJECT_EMOTIONAL","受试者报告情感功能","visit_lsmean","","","2017",6.63114929484272,3.25897828125219,18.8091344937661,-0.194658483462016,13.4569570731475,2.0347325825979,0.0562214078072216,"UN"
"MMRM-01","T14-2-10-1-2","PEDSQL_SUBJECT_EMOTIONAL","受试者报告情感功能","visit_lsmean","","","2021",9.17781135206839,2.00936099114863,16.1893784202055,4.92220242087988,13.4334202832569,4.5675273843263,0.000307359690540938,"UN"
"MMRM-01","T14-2-10-1-2","PEDSQL_SUBJECT_EMOTIONAL","受试者报告情感功能","visit_lsmean","","","2025",11.8376386065639,1.97198456269569,17.2266342834526,7.68128053496492,15.993996678163,6.00290632619454,1.34824722432476e-05,"UN"
"MMRM-01","T14-2-10-1-2","PEDSQL_PARENT_EMOTIONAL","家长报告情感功能","visit_lsmean","","","2005",-2.7023638727694,2.26336610884012,40.9239249666225,-7.27358252614945,1.86885478061064,-1.19395791172037,0.239369499976127,"UN"
"MMRM-01","T14-2-10-1-2","PEDSQL_PARENT_EMOTIONAL","家长报告情感功能","visit_lsmean","","","2009",1.46856822394445,2.4904295921325,40.3117402222398,-3.56356551870002,6.50070196658893,0.589684698810116,0.558692918643276,"UN"
"MMRM-01","T14-2-10-1-2","PEDSQL_PARENT_EMOTIONAL","家长报告情感功能","visit_lsmean","","","2013",0.546193402396003,2.55854637520652,38.9196412691396,-4.6292967790791,5.72168358387111,0.213478015364062,0.832068520880239,"UN"
"MMRM-01","T14-2-10-1-2","PEDSQL_PARENT_EMOTIONAL","家长报告情感功能","visit_lsmean","","","2017",1.42963933943293,3.12351669770742,35.6482578542163,-4.90731719212439,7.76659587099026,0.457701839878829,0.649944281589624,"UN"
"MMRM-01","T14-2-10-1-2","PEDSQL_PARENT_EMOTIONAL","家长报告情感功能","visit_lsmean","","","2021",2.22068334338576,2.86725336376624,34.3615472588257,-3.60401908859001,8.04538577536152,0.7744984700162,0.443932974686386,"UN"
"MMRM-01","T14-2-10-1-2","PEDSQL_PARENT_EMOTIONAL","家长报告情感功能","visit_lsmean","","","2025",3.22834548244155,2.81260211507846,32.2207796140278,-2.49919835841866,8.95588932330176,1.14781449716413,0.259496257840071,"UN"
"MMRM-01","T14-2-10-1-2","PEDSQL_SUBJECT_SOCIAL","受试者报告社交功能","visit_lsmean","","","2005",0.767224366919649,2.48517329230465,21.0314533086417,-4.40050582710419,5.93495456094349,0.308720671228587,0.760571323241904,"UN"
"MMRM-01","T14-2-10-1-2","PEDSQL_SUBJECT_SOCIAL","受试者报告社交功能","visit_lsmean","","","2009",1.93876872985819,3.33047167362436,22.0011615865959,-4.96818563453772,8.84572309425411,0.582130376670744,0.566397034974111,"UN"
"MMRM-01","T14-2-10-1-2","PEDSQL_SUBJECT_SOCIAL","受试者报告社交功能","visit_lsmean","","","2013",2.71361569874232,3.02036016469749,19.9722095701666,-3.58730725688333,9.01453865436797,0.898441096680967,0.379654556212867,"UN"
"MMRM-01","T14-2-10-1-2","PEDSQL_SUBJECT_SOCIAL","受试者报告社交功能","visit_lsmean","","","2017",7.8062553045337,2.90018891565883,15.989159675379,1.65779066677331,13.9547199422941,2.69163683178906,0.0160513841455638,"UN"
"MMRM-01","T14-2-10-1-2","PEDSQL_SUBJECT_SOCIAL","受试者报告社交功能","visit_lsmean","","","2021",6.46542449953287,2.44320466263903,17.500200008675,1.32191382767505,11.6089351713907,2.64628853996588,0.0166852148288579,"UN"
"MMRM-01","T14-2-10-1-2","PEDSQL_SUBJECT_SOCIAL","受试者报告社交功能","visit_lsmean","","","2025",10.4549709057462,2.53132349098855,19.8241339522891,5.17171806123965,15.7382237502528,4.13023896114648,0.000527068311380059,"UN"
"MMRM-01","T14-2-10-1-2","PEDSQL_PARENT_SOCIAL","家长报告社交功能","visit_lsmean","","","2005",-3.88211353323311,2.02040512388479,40.0980715111361,-7.96519352791267,0.200966461446461,-1.92145302312868,0.0618026027911608,"UN"
"MMRM-01","T14-2-10-1-2","PEDSQL_PARENT_SOCIAL","家长报告社交功能","visit_lsmean","","","2009",-1.30741312028748,2.78150937360771,39.0455034314657,-6.93333724742744,4.31851100685247,-0.470037287198398,0.640943204415995,"UN"
"MMRM-01","T14-2-10-1-2","PEDSQL_PARENT_SOCIAL","家长报告社交功能","visit_lsmean","","","2013",-3.21632818105687,3.0138122619187,39.185856932015,-9.311414581901,2.87875821978727,-1.06719593044898,0.292414329941058,"UN"
"MMRM-01","T14-2-10-1-2","PEDSQL_PARENT_SOCIAL","家长报告社交功能","visit_lsmean","","","2017",-2.13278175768391,2.86314971264268,38.5343494966024,-7.92628702577195,3.66072351040413,-0.744907522043392,0.460846905161627,"UN"
"MMRM-01","T14-2-10-1-2","PEDSQL_PARENT_SOCIAL","家长报告社交功能","visit_lsmean","","","2021",-0.188835308709802,2.48500483948585,40.6308531427163,-5.20878946622474,4.83111884880513,-0.0759899158783418,0.939800064128528,"UN"
"MMRM-01","T14-2-10-1-2","PEDSQL_PARENT_SOCIAL","家长报告社交功能","visit_lsmean","","","2025",2.14415311657929,2.45261408736068,39.6597912166218,-2.81408975283717,7.10239598599575,0.874231754448847,0.387255406649501,"UN"
"MMRM-01","T14-2-10-1-2","PEDSQL_SUBJECT_SCHOOL","受试者报告学校表现","visit_lsmean","","","2005",-8.04510075314856,3.77923212749788,21.9063734000945,-15.8846911060143,-0.205510400282863,-2.12876597195817,0.0447639715816594,"UN"
"MMRM-01","T14-2-10-1-2","PEDSQL_SUBJECT_SCHOOL","受试者报告学校表现","visit_lsmean","","","2009",-7.39850003680091,3.92044986364044,21.9858257589817,-15.5293193459718,0.732319272370022,-1.88715588622037,0.0724130239252666,"UN"
"MMRM-01","T14-2-10-1-2","PEDSQL_SUBJECT_SCHOOL","受试者报告学校表现","visit_lsmean","","","2013",-5.05172048235045,4.91181005196008,21.6396992265478,-15.2480336062686,5.14459264156773,-1.02848449531035,0.315081466250875,"UN"
"MMRM-01","T14-2-10-1-2","PEDSQL_SUBJECT_SCHOOL","受试者报告学校表现","visit_lsmean","","","2017",-1.57971541911013,4.48546316693649,19.7671778967562,-10.9432974740569,7.78386663583668,-0.352185573778562,0.728426060990222,"UN"
"MMRM-01","T14-2-10-1-2","PEDSQL_SUBJECT_SCHOOL","受试者报告学校表现","visit_lsmean","","","2021",1.11797382803993,3.894447661904,21.3152919807755,-6.9736851560717,9.20963281215155,0.28706864877813,0.776831875953321,"UN"
"MMRM-01","T14-2-10-1-2","PEDSQL_SUBJECT_SCHOOL","受试者报告学校表现","visit_lsmean","","","2025",0.783132556100574,4.7434894707857,17.9113822264185,-9.18610442412589,10.752369536327,0.165096299027066,0.870717213794934,"UN"
"MMRM-01","T14-2-10-1-2","PEDSQL_PARENT_SCHOOL","家长报告学校表现","visit_lsmean","","","2005",-5.93077877782714,2.96526302873455,38.6444791565612,-11.9303540883942,0.0687965327398823,-2.00008522696151,0.0525544600594061,"UN"
"MMRM-01","T14-2-10-1-2","PEDSQL_PARENT_SCHOOL","家长报告学校表现","visit_lsmean","","","2009",-5.18376526953582,2.27443232859204,36.0905981269801,-9.7961257995425,-0.571404739529134,-2.27914684660887,0.028674097960942,"UN"
"MMRM-01","T14-2-10-1-2","PEDSQL_PARENT_SCHOOL","家长报告学校表现","visit_lsmean","","","2013",-5.02856349453999,2.72004318610287,35.4505751102805,-10.5480369462856,0.490909957205633,-1.84870722649983,0.0728543498396042,"UN"
"MMRM-01","T14-2-10-1-2","PEDSQL_PARENT_SCHOOL","家长报告学校表现","visit_lsmean","","","2017",-7.13131987055989,3.47708698792856,34.0930707567795,-14.1969003391322,-0.0657394019875737,-2.05094663875761,0.0480206559053385,"UN"
"MMRM-01","T14-2-10-1-2","PEDSQL_PARENT_SCHOOL","家长报告学校表现","visit_lsmean","","","2021",-2.21170291270489,2.43282134146716,35.044378811436,-7.1503692385373,2.72696341312753,-0.909110288949982,0.369502115538728,"UN"
"MMRM-01","T14-2-10-1-2","PEDSQL_PARENT_SCHOOL","家长报告学校表现","visit_lsmean","","","2025",-1.93862832888787,3.25251451134924,34.2187872912813,-8.54697674692588,4.66972008915014,-0.596039870728714,0.55507112465694,"UN"
