"input_type","file_name","relative_path","version","file_size_bytes","modified_at","sha256","status","note","extraction_status","extraction_format","extractor_id","extractor_version","extracted_at_utc","extraction_note"
"source_material","FCN159-002 ADaM Specification v0.1.xlsx","input/adam-spec/FCN159-002 ADaM Specification v0.1.xlsx","current",1694679,"2026-07-02T05:41:29Z","8443279B9A9C1736C80CFDA70A941E14AA46AC58829CCDF247CCE6B9C3582073","registered_input","auto_registered_by_generate_intake_review","succeeded","xlsx","readxl","1.5.0","2026-08-25T08:19:30Z","已在运行期临时目录抽取；扫描结束后删除。"
"source_material","adae.sas7bdat","input/adam/adae.sas7bdat","current",1966080,"2026-08-07T06:26:01Z","398C1E2778382E3AEE0247C826B6E45AA248FF34A2A665EA0D5B113854129EE5","registered_input","auto_registered_by_generate_intake_review","not_required","sas7bdat","native","","","非文本扫描格式；由其它流程处理或不参与 TFL 文本发现。"
"source_material","adaw.sas7bdat","input/adam/adaw.sas7bdat","current",524288,"2026-08-07T06:26:01Z","4916A5DA56D29D71A564F043A7F7BD7015FD67929A272565F06259FBC5F089D4","registered_input","auto_registered_by_generate_intake_review","not_required","sas7bdat","native","","","非文本扫描格式；由其它流程处理或不参与 TFL 文本发现。"
"source_material","adcm.sas7bdat","input/adam/adcm.sas7bdat","current",2228224,"2026-08-07T06:26:01Z","4523BC5BF17B1914C8FEEC11E4FEDF9A5C775A613943A7FFBEE34CF2F6794B0A","registered_input","auto_registered_by_generate_intake_review","not_required","sas7bdat","native","","","非文本扫描格式；由其它流程处理或不参与 TFL 文本发现。"
"source_material","adcv.sas7bdat","input/adam/adcv.sas7bdat","current",786432,"2026-08-07T06:26:01Z","BD5A4A71B090325101DBBDDF2A39853AAE204D7DC49985C72FA2BAA192CEED8C","registered_input","auto_registered_by_generate_intake_review","not_required","sas7bdat","native","","","非文本扫描格式；由其它流程处理或不参与 TFL 文本发现。"
"source_material","addv.sas7bdat","input/adam/addv.sas7bdat","current",7249920,"2026-08-07T06:26:02Z","A53E4B375E03CC8D8F74867E9D0CEF9690FF57D30902B5C8DFD66AE526994B70","registered_input","auto_registered_by_generate_intake_review","not_required","sas7bdat","native","","","非文本扫描格式；由其它流程处理或不参与 TFL 文本发现。"
"source_material","adeff.sas7bdat","input/adam/adeff.sas7bdat","current",13893632,"2026-08-07T06:26:02Z","46CF7B5BB0A9A41A38195E55B2F96050D6B5199F6861A407F9A814D6DE6686CD","registered_input","auto_registered_by_generate_intake_review","not_required","sas7bdat","native","","","非文本扫描格式；由其它流程处理或不参与 TFL 文本发现。"
"source_material","adeg.sas7bdat","input/adam/adeg.sas7bdat","current",323297280,"2026-08-07T06:26:03Z","8F1D7D266D0D18521AC694B1D0908C2B9A24040F74BF3923732DD6C4D97D74AC","registered_input","auto_registered_by_generate_intake_review","not_required","sas7bdat","native","","","非文本扫描格式；由其它流程处理或不参与 TFL 文本发现。"
"source_material","adex.sas7bdat","input/adam/adex.sas7bdat","current",19922944,"2026-08-07T06:26:09Z","1120722C7AEB396C8174C7E94D03E286CF4EE681D825B00AA4D1B4863A5E2674","registered_input","auto_registered_by_generate_intake_review","not_required","sas7bdat","native","","","非文本扫描格式；由其它流程处理或不参与 TFL 文本发现。"
"source_material","adexsum.sas7bdat","input/adam/adexsum.sas7bdat","current",3932160,"2026-08-07T06:26:10Z","21D6B1860C4C33C3E4CD732D2F7535381EC616946BB0D218B783AF6DCA69256D","registered_input","auto_registered_by_generate_intake_review","not_required","sas7bdat","native","","","非文本扫描格式；由其它流程处理或不参与 TFL 文本发现。"
"source_material","adft.sas7bdat","input/adam/adft.sas7bdat","current",4849664,"2026-08-07T06:26:11Z","7542CD42041E864857A2CCFDE9091A85841EF1EADD159BCC4262CF62E5D02446","registered_input","auto_registered_by_generate_intake_review","not_required","sas7bdat","native","","","非文本扫描格式；由其它流程处理或不参与 TFL 文本发现。"
"source_material","adlb.sas7bdat","input/adam/adlb.sas7bdat","current",44564480,"2026-08-07T06:26:11Z","F2836B71E92E32373146D66E70AC7B5F77F20394F5285288D5B02D7AB02A47EB","registered_input","auto_registered_by_generate_intake_review","not_required","sas7bdat","native","","","非文本扫描格式；由其它流程处理或不参与 TFL 文本发现。"
"source_material","admh.sas7bdat","input/adam/admh.sas7bdat","current",524288,"2026-08-07T06:26:12Z","645A0F6E024AB320BAF4BF89F7C434120D318CC2C3161F0AEF6AD2BC01F6CF97","registered_input","auto_registered_by_generate_intake_review","not_required","sas7bdat","native","","","非文本扫描格式；由其它流程处理或不参与 TFL 文本发现。"
"source_material","admk.sas7bdat","input/adam/admk.sas7bdat","current",38666240,"2026-08-07T06:26:12Z","FD7577DA53D2C129B3C6A3B2DD41387FD05F9A9824601023C9D16FB4C357708D","registered_input","auto_registered_by_generate_intake_review","not_required","sas7bdat","native","","","非文本扫描格式；由其它流程处理或不参与 TFL 文本发现。"
"source_material","admo.sas7bdat","input/adam/admo.sas7bdat","current",524288,"2026-08-07T06:26:13Z","8DB811E3B4C1ED273A2D35C952DED435A811FD013145310F793BD969F33A98FD","registered_input","auto_registered_by_generate_intake_review","not_required","sas7bdat","native","","","非文本扫描格式；由其它流程处理或不参与 TFL 文本发现。"
"source_material","adoe.sas7bdat","input/adam/adoe.sas7bdat","current",2752512,"2026-08-07T06:26:14Z","8B027B40F84591C284342EC16C3602B2D3EB1544D90338EA4644B22464505CCC","registered_input","auto_registered_by_generate_intake_review","not_required","sas7bdat","native","","","非文本扫描格式；由其它流程处理或不参与 TFL 文本发现。"
"source_material","adpc.sas7bdat","input/adam/adpc.sas7bdat","current",786432,"2026-08-07T06:26:14Z","30894829D22C318CDA5ADDBB88287BD6DCD7CB815CC3883086FC2FCE9096D20F","registered_input","auto_registered_by_generate_intake_review","not_required","sas7bdat","native","","","非文本扫描格式；由其它流程处理或不参与 TFL 文本发现。"
"source_material","adpe.sas7bdat","input/adam/adpe.sas7bdat","current",11141120,"2026-08-07T06:26:14Z","A9E5F0BA9C7A204787B2733FE338E4A269AAC296D9A75D6CF92C6931034C3851","registered_input","auto_registered_by_generate_intake_review","not_required","sas7bdat","native","","","非文本扫描格式；由其它流程处理或不参与 TFL 文本发现。"
"source_material","adpr.sas7bdat","input/adam/adpr.sas7bdat","current",393216,"2026-08-07T06:26:15Z","723F2964D1AD89E8DA2C11607CA17993C5AEA1117590597A642A16030951FF8F","registered_input","auto_registered_by_generate_intake_review","not_required","sas7bdat","native","","","非文本扫描格式；由其它流程处理或不参与 TFL 文本发现。"
"source_material","adqs.sas7bdat","input/adam/adqs.sas7bdat","current",25690112,"2026-08-07T06:26:15Z","CBF47EFBB2E88FD468A9D2F351A2E9AC951E9EF6E31D9E78EE712E57C11C87D1","registered_input","auto_registered_by_generate_intake_review","not_required","sas7bdat","native","","","非文本扫描格式；由其它流程处理或不参与 TFL 文本发现。"
"source_material","adqssum.sas7bdat","input/adam/adqssum.sas7bdat","current",3670016,"2026-08-07T06:26:16Z","1BB5929DEAB16C36C1AE3872D6552E60C447E8336DDFD5FFF9CCA04C3B925ACE","registered_input","auto_registered_by_generate_intake_review","not_required","sas7bdat","native","","","非文本扫描格式；由其它流程处理或不参与 TFL 文本发现。"
"source_material","adre.sas7bdat","input/adam/adre.sas7bdat","current",524288,"2026-08-07T06:26:16Z","F5E53714D146D559BEA290B3554E2FAD7075ECFB1B110E0DBCA9A63AE9467593","registered_input","auto_registered_by_generate_intake_review","not_required","sas7bdat","native","","","非文本扫描格式；由其它流程处理或不参与 TFL 文本发现。"
"source_material","adrs.sas7bdat","input/adam/adrs.sas7bdat","current",24903680,"2026-08-07T06:26:16Z","7B275BE52A0EA8E5905CA70D49769FEEA02D8111A0F4C7F49DD270B2B37BE2C3","registered_input","auto_registered_by_generate_intake_review","not_required","sas7bdat","native","","","非文本扫描格式；由其它流程处理或不参与 TFL 文本发现。"
"source_material","adsl.sas7bdat","input/adam/adsl.sas7bdat","current",1310720,"2026-08-07T06:26:17Z","805B55D32283BBF9E5F06C27BFEDDA839A897E2795F404E35FFFC08AC8B076C8","registered_input","auto_registered_by_generate_intake_review","not_required","sas7bdat","native","","","非文本扫描格式；由其它流程处理或不参与 TFL 文本发现。"
"source_material","adtr.sas7bdat","input/adam/adtr.sas7bdat","current",33292288,"2026-08-07T06:26:18Z","9DD56B6B44C78241171A37109F00873F9F55A7399E668F365A83133161A9CF91","registered_input","auto_registered_by_generate_intake_review","not_required","sas7bdat","native","","","非文本扫描格式；由其它流程处理或不参与 TFL 文本发现。"
"source_material","adtte.sas7bdat","input/adam/adtte.sas7bdat","current",3407872,"2026-08-07T06:26:18Z","5B6D055204271748FB932E49BCFAD9105EC9A1C99E9E78D4F1A73FA19B6FF809","registered_input","auto_registered_by_generate_intake_review","not_required","sas7bdat","native","","","非文本扫描格式；由其它流程处理或不参与 TFL 文本发现。"
"source_material","advs.sas7bdat","input/adam/advs.sas7bdat","current",9306112,"2026-08-07T06:26:19Z","324BD6203C7169E36B5BD6A1538C0B2DBFF891301D960ECCB624AAA3AAADE478","registered_input","auto_registered_by_generate_intake_review","not_required","sas7bdat","native","","","非文本扫描格式；由其它流程处理或不参与 TFL 文本发现。"
"source_material","FCN-159-002-统计分析计划-V1.0-20240112-Clean-已签字.pdf","input/sap/FCN-159-002-统计分析计划-V1.0-20240112-Clean-已签字.pdf","current",1967763,"2024-06-19T06:42:06Z","D5C5A9B0C2855AF874C11CB7FC70EEEE252996FA7635FAD1BDB581E6F476954A","registered_input","auto_registered_by_generate_intake_review","succeeded","pdf","pdftools","3.9.0","2026-08-25T08:19:30Z","已在运行期临时目录抽取；扫描结束后删除。"
"source_material","FCN-159-002 表格列表图表模板 （ II期 儿童)-V1.1-20240124.docx","input/shell/FCN-159-002 表格列表图表模板 （ II期 儿童)-V1.1-20240124.docx","current",1394191,"2024-06-19T06:42:27Z","9D82618B37ABBA6047192DE8C9470C9947F2C462DAE7BE78847847CDDF8921B3","registered_input","auto_registered_by_generate_intake_review","succeeded","docx","officer","0.7.5","2026-08-25T08:20:06Z","已在运行期临时目录抽取；扫描结束后删除。"
"statistician_briefing","statistician-analysis-input.md","input/statistician-analysis-input.md","current",8997,"2026-08-18T05:57:46Z","3857B778FB0DD9AE7199CAD7F9D97F2436A416922417CE432718AB9AA3A394B9","registered_input","auto_registered_by_generate_intake_review","not_required","md","native","","","文本文件，直接扫描无需二进制抽取。"
